{
  "content_scale": 1.0,
  "armature_data": [
    {
      "strVersion": "1.6.0.0",
      "version": 1.6,
      "name": "story_9",
      "bone_data": [
        {
          "name": "story_9_guangxiao-3_Copy18",
          "parent": "",
          "dI": 0,
          "x": -236.49168395996094,
          "y": 279.81509399414062,
          "z": 7,
          "cX": 1.0,
          "cY": 1.0,
          "kX": 1.57079637,
          "kY": -1.57079637,
          "arrow_x": 37.692256927490234,
          "arrow_y": 1.7757171008270234E-05,
          "effectbyskeleton": true,
          "bl": 37,
          "display_data": [
            {
              "name": "story_9_guangxiao-3.png",
              "displayType": 0,
              "skin_data": [
                {
                  "x": -0.7692261,
                  "y": -6.923065,
                  "cX": 1.0,
                  "cY": 1.0,
                  "kX": -1.57079637,
                  "kY": 1.57079637
                }
              ]
            }
          ]
        },
        {
          "name": "story_9_guangxiao-3_Copy19",
          "parent": "",
          "dI": 0,
          "x": -163.86012268066406,
          "y": 231.39405822753906,
          "z": 6,
          "cX": 1.0,
          "cY": 1.0,
          "kX": 1.57079637,
          "kY": -1.57079637,
          "arrow_x": 37.692256927490234,
          "arrow_y": 1.7757171008270234E-05,
          "effectbyskeleton": true,
          "bl": 37,
          "display_data": [
            {
              "name": "story_9_guangxiao-3.png",
              "displayType": 0,
              "skin_data": [
                {
                  "x": -0.7692261,
                  "y": -6.923065,
                  "cX": 1.0,
                  "cY": 1.0,
                  "kX": -1.57079637,
                  "kY": 1.57079637
                }
              ]
            }
          ]
        },
        {
          "name": "story_9_guangxiao-3",
          "parent": "",
          "dI": 0,
          "x": -223.33378601074219,
          "y": 192.44670104980469,
          "z": 5,
          "cX": 1.0,
          "cY": 1.0,
          "kX": 1.57079637,
          "kY": -1.57079637,
          "arrow_x": 37.692256927490234,
          "arrow_y": 1.7757171008270234E-05,
          "effectbyskeleton": true,
          "bl": 37,
          "display_data": [
            {
              "name": "story_9_guangxiao-3.png",
              "displayType": 0,
              "skin_data": [
                {
                  "x": -0.7692261,
                  "y": -6.923065,
                  "cX": 1.0,
                  "cY": 1.0,
                  "kX": -1.57079637,
                  "kY": 1.57079637
                }
              ]
            }
          ]
        },
        {
          "name": "story_9_tou-2",
          "parent": "",
          "dI": 0,
          "x": 125.19232177734375,
          "y": 81.057968139648438,
          "z": 2,
          "cX": 1.0,
          "cY": 1.0,
          "kX": 1.586924,
          "kY": -1.586924,
          "arrow_x": 47.6984977722168,
          "arrow_y": 1.8189975889981724E-06,
          "effectbyskeleton": true,
          "bl": 47,
          "display_data": [
            {
              "name": "story_9_tou-2.png",
              "displayType": 0,
              "skin_data": [
                {
                  "x": 8.894608,
                  "y": 20.9154053,
                  "cX": 1.00000012,
                  "cY": 1.00000012,
                  "kX": 4.696262,
                  "kY": 1.5869236
                }
              ]
            }
          ]
        },
        {
          "name": "story_9_tou",
          "parent": "story_9_tou-2",
          "dI": 0,
          "x": -36.042167663574219,
          "y": -1.2545013427734375,
          "z": 3,
          "cX": 1.0,
          "cY": 1.0,
          "kX": -3.15772033,
          "kY": 3.15772033,
          "arrow_x": 95.384628295898438,
          "arrow_y": -7.36518413759768E-05,
          "effectbyskeleton": true,
          "bl": 95,
          "display_data": [
            {
              "name": "story_9_tou.png",
              "displayType": 0,
              "skin_data": [
                {
                  "x": 31.5384674,
                  "y": -32.30768,
                  "cX": 1.0,
                  "cY": 1.0,
                  "kX": 1.57079637,
                  "kY": -1.57079637
                }
              ]
            }
          ]
        },
        {
          "name": "story_9_yanzhu",
          "parent": "story_9_tou",
          "dI": 0,
          "x": 30.182701110839844,
          "y": 7.7115478515625,
          "z": 4,
          "cX": 1.0,
          "cY": 1.0,
          "kX": 1.549523,
          "kY": -1.549523,
          "arrow_x": 36.162029266357422,
          "arrow_y": 9.068753570318222E-08,
          "effectbyskeleton": true,
          "bl": 36,
          "display_data": [
            {
              "name": "story_9_yanzhu.png",
              "displayType": 0,
              "skin_data": [
                {
                  "x": 3.828888,
                  "y": -0.850879669,
                  "cX": 1.0,
                  "cY": 1.0,
                  "kX": 0.0212733746,
                  "kY": -0.0212733652
                }
              ]
            }
          ]
        }
      ]
    }
  ],
  "animation_data": [
    {
      "name": "story_9",
      "mov_data": [
        {
          "name": "Animation1",
          "dr": 21,
          "lp": true,
          "to": 0,
          "drTW": 0,
          "twE": 0,
          "sc": 1.0,
          "mov_bone_data": [
            {
              "name": "story_9_guangxiao-3_Copy18",
              "dl": 0.0,
              "frame_data": [
                {
                  "dI": 0,
                  "x": 0.0,
                  "y": 0.0,
                  "z": 0,
                  "cX": 0.3,
                  "cY": 0.3,
                  "kX": 0.0,
                  "kY": 0.0,
                  "fi": 0,
                  "twE": 0,
                  "tweenFrame": true,
                  "bd_src": 1,
                  "bd_dst": 771
                },
                {
                  "dI": 0,
                  "x": -1.0,
                  "y": 2.0,
                  "z": 0,
                  "cX": 0.5,
                  "cY": 0.5,
                  "kX": 0.0,
                  "kY": 0.0,
                  "fi": 10,
                  "twE": 0,
                  "tweenFrame": true,
                  "color": {
                    "a": 150,
                    "r": 255,
                    "g": 255,
                    "b": 255
                  },
                  "bd_src": 1,
                  "bd_dst": 771
                },
                {
                  "dI": 0,
                  "x": 0.0,
                  "y": 0.0,
                  "z": 0,
                  "cX": 0.3,
                  "cY": 0.3,
                  "kX": 0.0,
                  "kY": 0.0,
                  "fi": 20,
                  "twE": 0,
                  "tweenFrame": true,
                  "bd_src": 1,
                  "bd_dst": 771
                }
              ]
            },
            {
              "name": "story_9_guangxiao-3_Copy19",
              "dl": 0.0,
              "frame_data": [
                {
                  "dI": 0,
                  "x": 0.0,
                  "y": 0.0,
                  "z": 0,
                  "cX": 0.799999952,
                  "cY": 0.799999952,
                  "kX": 0.0,
                  "kY": 0.0,
                  "fi": 0,
                  "twE": 0,
                  "tweenFrame": true,
                  "color": {
                    "a": 160,
                    "r": 255,
                    "g": 255,
                    "b": 255
                  },
                  "bd_src": 1,
                  "bd_dst": 771
                },
                {
                  "dI": 0,
                  "x": 0.0,